Website,Score,URL,Pricing
"Reddit",95,"https://www.reddit.com","Free"
"AltHunt",95,"https://althunt.io","Free"
"SourceForge",93,"https://sourceforge.net/software/vendors/new","Free"
"Trust Pilot",93,"http://trustpilot.com/","Free"
"Arstechnica",92,"http://arstechnica.com/civis/","Free"
"Digital Trends",92,"http://digitaltrends.com/","Free"
"About .me",90,"http://about.me/signup/start","Free"
"Gartner",90,"http://gartner.com/en/digital-markets/basic-listing","Free"
"Glassdoor",90,"http://glassdoor.com/","Free"
"ProductHunt",89,"http://producthunt.com/","Free"
"Geek Wire",88,"http://geekwire.com/startup-list/","Free"
"Tech In Asia",88,"http://techinasia.com/companies/create","Free"
"Angel List",87,"http://angel.co","Free"
"Dev Post",83,"http://devpost.com/software","Free"
"F6S",82,"http://f6s.com","Free"
"AlternativeTo",80,"http://alternativeto.net/manage-item","Free"
"Indie Hackers",80,"http://indiehackers.com/new-product","Free"
"Read .cv",80,"http://read.cv","Free"
"ActiveSearchResults",78,"https://www.activesearchresults.com","Free"
"DEV",78,"http://dev.to/","Free"
"SoftwareSuggest",77,"https://www.softwaresuggest.com","Free"
"Inc42",76,"http://inc42.com/startup-submission/","Free"
"CrozDesk",75,"http://vendor.softwareselect.com/user/signup","Free"
"Gust",75,"http://gust.com/","Free"
"SoftwareWorld",74,"http://softwareworld.co/register","Free"
"There's An AI For That",74,"https://theresanaiforthat.com","Paid"
"Alternative Me",73,"https://alternative.me","Free"
"BetaList",73,"http://betalist.com/submissions/new","Free"
"e27.sg",73,"http://e27.co","Free"
"SaaSworthy",73,"http://saasworthy.com/offerings","Free"
"Capterra",72,"http://capterra.com/vendors","Free"
"CrowdReviews",71,"https://www.crowdreviews.com","Free"
"G2 Crowd",71,"http://g2.com/products/new","Free"
"SaaSHub",71,"http://saashub.com/submit","Free"
"SiteJabber",71,"http://sitejabber.com/","Free"
"FinancesOnline",70,"http://financesonline.com/","Free"
"SpringWise",70,"http://springwise.com/spotted/","Free"
"American Inno",68,"http://americaninno.com/post-a-startup/","Free"
"Dang",67,"http://dang.ai/submit","Paid"
"PeerSpot",67,"https://www.peerspot.com/","Free"
"Software Advice",67,"https://www.softwareadvice.com/vendors/","Free"
"Startup Stash",67,"http://startupstash.com/add-listing","Free"
"AllTopStartups",65,"https://alltopstartups.com/directory","Paid"
"Startup Grind",65,"http://about.startupgrind.com/membership","Paid"
"Clutch",64,"http://clutch.co/review","Free"
"EzWebDirectory",64,"http://ezwebdirectory.com","Free"
"Pressfarm",64,"http://press.farm/","Paid"
"SoMuch",64,"https://somuch.com","Free"
"SubmissionWebDirectory",64,"https://www.submissionwebdirectory.com","Free"
"Techjockey",64,"https://www.techjockey.com/","Free"
"Future Tools",62,"http://futuretools.io/submit-a-tool","Free"
"betalist.com",61,"http://betalist.com/","Free"
"KillerStartups",60,"https://www.killerstartups.com","Free"
"Webrazzi",60,"http://webrazzi.com/en/startup-form/","Free"
"AppSumo",59,"https://sell.appsumo.com/","Free"
"Trustradius",58,"http://trustradius.com/","Free"
"Dev Hunt",56,"http://devhunt.org/login","Paid"
"SaaS AI Tools",56,"http://saasaitools.com/join","Free"
"TechDirectory",56,"http://techdirectory.io/get-listed","Free"
"Startupxplore",55,"http://startupxplore.com/","Free"
"FiveTaco",54,"http://fivetaco.com/submit","Free"
"AppAgg",52,"http://appagg.com/","Free"
"Changelog",52,"http://changelog.com/sponsor/pricing","Free"
"NoCodeDevs",52,"https://www.nocodedevs.com","Free"
"Serchen",52,"http://serchen.com/get-listed/","Paid"
"StartUp Base",52,"http://startupbase.io/submit","Free"
"StartUs",52,"http://startus.cc/","Free"
"Beta Bound",51,"http://betabound.com/","Free"
"Fintech News",51,"http://fintechnews.sg/submit-your-fintech-startup/","Free"
"Startup Ranking",51,"http://startupranking.com/","Free"
"Uneed",50,"http://uneed.best/submit-a-tool","Free"
"Snapmunk",49,"http://startups.snapmunk.com/join","Free"
"StartupBlink",49,"http://startupblink.com/","Free"
"Webwiki",49,"https://www.webwiki.com/info/add-website.html","Free"
"Amfibi",48,"http://amfibi.com/","Free"
"Web Design Inspiration",48,"https://www.webdesign-inspiration.com","Free"
"Featuredcustomers",47,"http://featuredcustomers.com/","Free"
"Feedough",46,"http://feedough.com/submit-your-startup/","Free"
"The Startup Pitch",46,"http://thestartuppitch.com","Free"
"Zumvu",46,"http://zumvu.com/make-profile.zvx","Free"
"Ben's Bites News",45,"http://news.bensbites.co/submit","Free"
"Crozdesk Ltd",45,"http://crozdesk.com/","Free"
"Insidr AI Tools",45,"http://insidr.ai/submit-tools","Free"
"Starter Story",45,"http://starterstory.com/","Paid"
"Toolify",45,"https://toolify.ai","Paid"
"Workspaces",45,"http://workspaces.xyz/submit-a-workspace-workspaces","Free"
"Exact Seek",44,"http://exactseek.com/add.html","Free"
"Mars AI Directory",44,"http://marsx.dev/ai-startups","Free"
"Tiny Startups",44,"http://tally.so/r/wMzP8X","Free"
"VentureRadar",44,"http://ventureradar.com/add_company","Free"
"Business Software",43,"http://business-software.com/add-your-product/","Free"
"Linus Ekenstam Super New",43,"https://linusekenstam.typeform.com/super-new","Free"
"Tech Pluto",43,"http://techpluto.com/submit-a-startup/","Free"
"Beta Page",42,"http://betapage.co/submit-startup","Free"
"Insidr",42,"https://www.insidr.ai/submit-tools/","Free"
"Magnitt",42,"http://magnitt.com/startups","Free"
"NoCodeList",42,"http://nocodelist.co/submit","Free"
"Land-book",41,"http://land-book.com/","Free"
"New-Startups",41,"http://new-startups.com/","Free"
"Startup Guys",41,"http://startupguys.net/submit-startup/","Paid"
"AI Infinity",40,"https://aiinfinity-meetpatel.notion.site/AI-Infinity-AI-Tools-Directory-0da673c487124ea2b6f8ebe59b75a231","Free"
"Tool Piot",40,"https://www.toolpilot.ai/","Free"
"Crazy About Startups",38,"http://crazyaboutstartups.com/share-your-startup/","Free"
"Inn Mind",38,"http://app.innmind.com/startups","Free"
"MicroLaunch",38,"http://tally.so/r/mYaR6N","Free"
"AI Tools Directory",37,"https://aitoolsdirectory.com","Free"
"Startup Lister",37,"http://startuplister.com/","Free"
"Romanian Startups",36,"http://romanianstartups.com/","Free"
"Aixploria",35,"https://www.aixploria.com/en/add-ai/","Paid"
"Launching Next",35,"https://www.launchingnext.com","Free"
"Startup88",35,"https://startup88.com","Free"
"Appy Smarts",34,"http://appysmarts.com/","Free"
"Dang AI Tools",34,"https://dang.ai","Free"
"Makerlog",34,"http://getmakerlog.com/","Free"
"Paggu",34,"http://paggu.com/submit-your-startup/","Free"
"Cipinet",33,"http://cipinet.com/suggest.php?","Free"
"Project Hatch",33,"http://projecthatch.co/your-story/","Free"
"Side Projectors",33,"https://www.sideprojectors.com","Free"
"Startup Collections",33,"http://startupcollections.com/","Free"
"Techendo",33,"http://techendo.com/beta","Free"
"Victrays",33,"https://victrays.com","Free"
"SWD",32,"http://submissionwebdirectory.com/submit.php","Free"
"Toolio",31,"https://www.toolio.ai","Paid"
"9sites",30,"http://9sites.net/addurl.php","Free"
"All Things AI",30,"https://allthingsai.com","Free"
"Betafy",30,"http://betafy.co/easysignup/startup","Free"
"Get Worm",30,"https://getworm.com/submit-startup","Free"
"Robin Good's T5",30,"https://tools.robingood.com","Free"
"Startups Watch",30,"http://startups.watch/startups/new","Free"
"thetechmap.com",30,"http://thetechmap.com/Account/Login","Free"
"Being Guru",29,"http://beingguru.com/submit-startup/","Free"
"Hot To Buy SaaS",29,"http://howtobuysaas.com/","Free"
"Smart Money Match",29,"http://smartmoneymatch.com/","Free"
"WebAppRater",29,"https://webapprater.com/submit-your-web-application-for-review-html","Paid"
"Startup Buffer",28,"https://startupbuffer.com","Paid"
"10words",27,"http://portal.10words.io/submissions/submit","Free"
"IndieHackerStacks",27,"http://indiehackerstacks.com","Free"
"OpenFuture",27,"https://openfuture.ai/submit-tool","Free"
"Startup Inspire",27,"http://startupinspire.com/dashboard/startup/create","Free"
"BigStartups",26,"http://bigstartups.co","Free"
"AI Valley",25,"https://aivalley.ai","Free"
"Alpha Digits",25,"http://alphadigits.com/","Free"
"Compara Software",25,"http://comparasoftware.com/","Free"
"Startup Spotlight",25,"http://tally.so/r/nrLJRp","Paid"
"The Startup INC",25,"https://www.thestartupinc.com","Free"
"Startup Tracker",24,"https://startuptracker.io/","Free"
"Taalk",24,"http://taalk.com/submit-startup/","Free"
"The Popular Apps",24,"http://thepopularapps.com/submit-app/","Free"
"SideProjects",22,"http://sideprojects.net/","Free"
"Startups .fyi",22,"http://tally.so/r/3lOGLk","Free"
"StartupWizz",22,"http://startupwizz.com/submit-a-startup/","Free"
"Launched",20,"https://launched.io","Free"
"PromoteProject",20,"https://promoteproject.com","Free"
"Trendy Startups",20,"http://trendystartups.com/register","Free"
"Cuspera",19,"http://cuspera.com/","Free"
"PayOnceApps",19,"https://payonceapps.com","Free"
"Postmake",19,"http://postmake.io/submit","Paid"
"Tool Salad",18,"http://toolsalad.com/submit/","Free"
"AppRater",17,"https://apprater.net","Free"
"Cloudfindr",17,"https://www.cloudfindr.co","Free"
"Makermove",17,"http://makermove.com/","Paid"
"Appoid",15,"http://appiod.com/submit-app-for-review/","Paid"
"GrowthJunkie",14,"https://growthjunkie.com","Free"
"Insur-Tech",13,"http://insur-tech.com/submit/","Free"
"Joinly",13,"http://joinly.xyz","Free"
"Start up Roulette",10,"http://startuproulette.com/","Free"
"Startup Europe",10,"http://startupeurope.net/","Free"
"AwesomeIndie",9,"https://awesomeindie.com","Free"
"ProfitHunt",6,"https://profithunt.co","Free"
"Peer List",-,"https://peerlist.io/","Free"
